-- MySQL dump 10.13  Distrib 8.0.28, for Win64 (x86_64)
--
-- Host: localhost    Database: pg_employee
-- ------------------------------------------------------
-- Server version	8.0.28

/*!40101 SET @OLD_CHARACTER_SET_CLIENT=@@CHARACTER_SET_CLIENT */;
/*!40101 SET @OLD_CHARACTER_SET_RESULTS=@@CHARACTER_SET_RESULTS */;
/*!40101 SET @OLD_COLLATION_CONNECTION=@@COLLATION_CONNECTION */;
/*!50503 SET NAMES utf8mb4 */;
/*!40103 SET @OLD_TIME_ZONE=@@TIME_ZONE */;
/*!40103 SET TIME_ZONE='+00:00' */;
/*!40014 SET @OLD_UNIQUE_CHECKS=@@UNIQUE_CHECKS, UNIQUE_CHECKS=0 */;
/*!40014 SET @OLD_FOREIGN_KEY_CHECKS=@@FOREIGN_KEY_CHECKS, FOREIGN_KEY_CHECKS=0 */;
/*!40101 SET @OLD_SQL_MODE=@@SQL_MODE, SQL_MODE='NO_AUTO_VALUE_ON_ZERO' */;
/*!40111 SET @OLD_SQL_NOTES=@@SQL_NOTES, SQL_NOTES=0 */;

--
-- Table structure for table `account_details`
--

DROP TABLE IF EXISTS `account_details`;
/*!40101 SET @saved_cs_client     = @@character_set_client */;
/*!50503 SET character_set_client = utf8mb4 */;
CREATE TABLE `account_details` (
  `id` int NOT NULL AUTO_INCREMENT,
  `account_number` varchar(100) NOT NULL,
  `account_name` varchar(100) NOT NULL,
  `employee_id` int NOT NULL,
  `currency_code` varchar(30) DEFAULT NULL,
  PRIMARY KEY (`id`),
  KEY `employee_id` (`employee_id`),
  CONSTRAINT `account_details_ibfk_1` FOREIGN KEY (`employee_id`) REFERENCES `employee` (`id`)
) ENGINE=InnoDB AUTO_INCREMENT=135 DEFAULT CHARSET=utf8mb4 COLLATE=utf8mb4_0900_ai_ci;
/*!40101 SET character_set_client = @saved_cs_client */;

--
-- Dumping data for table `account_details`
--

LOCK TABLES `account_details` WRITE;
/*!40000 ALTER TABLE `account_details` DISABLE KEYS */;
INSERT INTO `account_details` VALUES (1,'ACCT001','DMUPLHEZMX',1,'EUR'),(2,'ACCT002','WZNO2AO4DW',2,'EUR'),(3,'ACCT003','G7U46ECCXJ',3,'EUR'),(4,'ACCT004','WAQGIAB5X6',4,'EUR'),(5,'ACCT005','7S7LNE9BTU',5,'EUR'),(6,'ACCT006','3L5X052CLT',6,'EUR'),(7,'ACCT007','BBMJHLURP8',7,'EUR'),(8,'ACCT008','3YLEPX3KZ0',8,'EUR'),(9,'ACCT009','ESK8Y67FTX',9,'EUR'),(10,'ACCT010','YMCBELUMEI',10,'EUR'),(11,'ACCT011','C1LOHQ6XG4',11,'EUR'),(12,'ACCT012','WQ3972ZL1T',12,'EUR'),(13,'ACCT013','GXDVKDHWUA',13,'EUR'),(14,'ACCT014','RSMT8BONCB',14,'EUR'),(15,'ACCT015','NWP0F90QXN',15,'EUR'),(16,'ACCT016','9DZQHZCELJ',16,'EUR'),(17,'ACCT017','GDWDF2OTAX',17,'EUR'),(18,'ACCT018','G7SC7AMQ3T',18,'EUR'),(19,'ACCT019','FF643BWNZJ',19,'EUR'),(20,'ACCT020','6WWRQAN0GK',20,'EUR'),(21,'ACCT021','7MNAQINZ0P',21,'EUR'),(22,'ACCT022','ZMNQLQJVPN',22,'EUR'),(23,'ACCT023','URMBX8RWEU',23,'EUR'),(24,'ACCT024','4L8D3IBWC5',24,'EUR'),(25,'ACCT025','P305LVC5S2',25,'EUR'),(26,'ACCT026','KJRZ6OZOV8',26,'EUR'),(27,'ACCT027','3FPPUAOE3M',27,'EUR'),(28,'ACCT028','ML65BSEGJC',28,'EUR'),(29,'ACCT029','RRPXDQ6KVA',29,'EUR'),(30,'ACCT030','V7QMRNRQKG',30,'EUR'),(31,'ACCT031','SIBMX9W6ER',31,'EUR'),(32,'ACCT032','0FZSTILHYY',32,'EUR'),(33,'ACCT033','DK3WLK2207',33,'EUR'),(34,'ACCT034','CEU7GMGNHE',34,'EUR'),(35,'ACCT035','1H9THMSN87',35,'EUR'),(36,'ACCT036','3ZYG56KWPO',36,'EUR'),(37,'ACCT037','8BECLCGNYX',37,'EUR'),(38,'ACCT038','MOFQ5WE7ZO',38,'EUR'),(39,'ACCT039','J20DZ59R08',39,'EUR'),(40,'ACCT040','FO8ARKQWWK',40,'EUR'),(41,'ACCT041','0ITOXEG57W',41,'EUR'),(42,'ACCT042','2E19OBPXCD',42,'EUR'),(43,'ACCT043','3BH4M9TLAF',43,'EUR'),(44,'ACCT044','M72H4FE7YY',44,'EUR'),(45,'ACCT045','08WELYLC6G',45,'EUR'),(46,'ACCT046','6OZTG17TM8',46,'EUR'),(47,'ACCT047','SSUCD3ZL6W',47,'EUR'),(48,'ACCT048','DG2AS658Z8',48,'EUR'),(49,'ACCT049','1SAU51SIQD',49,'EUR'),(50,'ACCT050','K4QRO66EOB',50,'EUR'),(51,'ACCT051','B5WAX4LUV1',51,'EUR'),(52,'ACCT052','LYD247IEBN',52,'EUR'),(53,'ACCT053','VRHJJK9VLC',53,'EUR'),(54,'ACCT054','M8C5LJX0UT',54,'EUR'),(55,'ACCT055','WYMG7TXNHP',55,'EUR'),(56,'ACCT056','JOQL1RV238',56,'EUR'),(57,'ACCT057','GILXDY9VXZ',57,'EUR'),(58,'ACCT058','GLLA3BN34C',58,'EUR'),(59,'ACCT059','C69VZGGLJT',59,'EUR'),(60,'ACCT060','FE0BYI1I46',60,'EUR'),(61,'ACCT061','NLXZTZPO2C',61,'EUR'),(62,'ACCT062','R2H73LWOOL',62,'EUR'),(63,'ACCT063','Q46HEGOX6R',63,'EUR'),(64,'ACCT064','DSWLAEJ5AN',64,'EUR'),(65,'ACCT065','V45JMUOASJ',65,'EUR'),(66,'ACCT066','WHV0Z6WXBU',66,'EUR'),(67,'ACCT067','I76N1G1FFP',67,'EUR'),(68,'ACCT068','16QJ8QDOM2',68,'EUR');
/*!40000 ALTER TABLE `account_details` ENABLE KEYS */;
UNLOCK TABLES;

--
-- Table structure for table `employee`
--

DROP TABLE IF EXISTS `employee`;
/*!40101 SET @saved_cs_client     = @@character_set_client */;
/*!50503 SET character_set_client = utf8mb4 */;
CREATE TABLE `employee` (
  `id` int NOT NULL AUTO_INCREMENT,
  `email` varchar(100) NOT NULL,
  `name` varchar(100) NOT NULL,
  `role` varchar(100) NOT NULL,
  `department` varchar(100) NOT NULL,
  `salary` double NOT NULL,
  `account_details_id` int DEFAULT NULL,
  `bonus` mediumtext,
  `penalty` mediumtext,
  `bonus_reason` varchar(255) DEFAULT NULL,
  `penalty_reason` varchar(255) DEFAULT NULL,
  PRIMARY KEY (`id`),
  KEY `account_details_id` (`account_details_id`),
  CONSTRAINT `employee_ibfk_1` FOREIGN KEY (`account_details_id`) REFERENCES `account_details` (`id`)
) ENGINE=InnoDB AUTO_INCREMENT=81 DEFAULT CHARSET=utf8mb4 COLLATE=utf8mb4_0900_ai_ci;
/*!40101 SET character_set_client = @saved_cs_client */;

--
-- Dumping data for table `employee`
--

LOCK TABLES `employee` WRITE;
/*!40000 ALTER TABLE `employee` DISABLE KEYS */;
INSERT INTO `employee` VALUES (1,'Tommaso.Caputo@example.com','Tommaso Caputo','Software Engineer','Engineering',60000,1,NULL,NULL,NULL,NULL),(2,'Zara.Ferrari@example.com','Zara Ferrari','Marketing Specialist','Marketing',55000,2,NULL,NULL,NULL,NULL),(3,'Livia.Ferrara@example.com','Livia Ferrara','Financial Analyst','Finance',58000,3,NULL,NULL,NULL,NULL),(4,'Federico.Martino@example.com','Federico Martino','HR Manager','Human Resources',62000,4,NULL,NULL,NULL,NULL),(5,'Gabriel.Gentile@example.com','Gabriel Gentile','Data Scientist','Data Science',59000,5,NULL,NULL,NULL,NULL),(6,'Pietro.Greco@example.com','Pietro Greco','Product Manager','Product Management',63000,6,NULL,NULL,NULL,NULL),(7,'Veronica.Pellegrini@example.com','Veronica Pellegrini','UX Designer','Design',60000,7,NULL,NULL,NULL,NULL),(8,'Domenico.Lombardi@example.com','Domenico Lombardi','Software Developer','Engineering',65000,8,NULL,NULL,NULL,NULL),(9,'Massimo.Russo@example.com','Massimo Russo','Marketing Coordinator','Marketing',56000,9,'0.0','0.0',NULL,NULL),(10,'Antonio.Marini@example.com','Antonio Marini','Financial Assistant','Finance',59000,10,NULL,NULL,NULL,NULL),(11,'Leonardo.Lombardi@example.com','Leonardo Lombardi','Data Analyst','Data Science',61000,11,NULL,NULL,NULL,NULL),(12,'Yuri.Conti@example.com','Yuri Conti','Product Analyst','Product Management',64000,12,NULL,NULL,NULL,NULL),(13,'Natalia.Ferri@example.com','Natalia Ferri','UI Designer','Design',62000,13,NULL,NULL,NULL,NULL),(14,'Davide.Caruso@example.com','Davide Caruso','Software Engineer','Engineering',67000,14,NULL,NULL,NULL,NULL),(15,'Sofia.Moretti@example.com','Sofia Moretti','Marketing Specialist','Marketing',58000,15,NULL,NULL,NULL,NULL),(16,'Xenia.Greco@example.com','Xenia Greco','Financial Analyst','Finance',60000,16,NULL,NULL,NULL,NULL),(17,'Marcello.Rizzo@example.com','Marcello Rizzo','HR Coordinator','Human Resources',57000,17,NULL,NULL,NULL,NULL),(18,'Valentina.Santoro@example.com','Valentina Santoro','Data Scientist','Data Science',63000,18,NULL,NULL,NULL,NULL),(19,'Greta.Marchetti@example.com','Greta Marchetti','Product Manager','Product Management',65000,19,NULL,NULL,NULL,NULL),(20,'Alberto.Morelli@example.com','Alberto Morelli','UX Designer','Design',61000,20,'0.0','0.0',NULL,NULL),(21,'Roberto.Lombardi@example.com','Roberto Lombardi','Software Developer','Engineering',66000,21,NULL,NULL,NULL,NULL),(22,'Federica.De.Rosa@example.com','Federica De Rosa','Marketing Coordinator','Marketing',57000,22,NULL,NULL,NULL,NULL),(23,'Sara.De.Angelis@example.com','Sara De Angelis','Financial Assistant','Finance',60000,23,NULL,NULL,NULL,NULL),(24,'Matteo.Russo@example.com','Matteo Russo','Data Analyst','Data Science',62000,24,NULL,NULL,NULL,NULL),(25,'Caterina.Rossi@example.com','Caterina Rossi','Product Analyst','Product Management',65000,25,NULL,NULL,NULL,NULL),(26,'Daniela.Rinaldi@example.com','Daniela Rinaldi','UI Designer','Design',63000,26,NULL,NULL,NULL,NULL),(27,'Isabella.Martini@example.com','Isabella Martini','Software Engineer','Engineering',68000,27,NULL,NULL,NULL,NULL),(28,'Emma.Galli@example.com','Emma Galli','Marketing Specialist','Marketing',59000,28,NULL,NULL,NULL,NULL),(29,'Giulia.Conti@example.com','Giulia Conti','Financial Analyst','Finance',61000,29,NULL,NULL,NULL,NULL),(30,'Aurora.Bellini@example.com','Aurora Bellini','HR Coordinator','Human Resources',58000,30,'0.0','0.0',NULL,NULL),(31,'Beatrice.Martini@example.com','Beatrice Martini','Data Scientist','Data Science',64000,31,NULL,NULL,NULL,NULL),(32,'Ivan.Farina@example.com','Ivan Farina','Product Manager','Product Management',66000,32,NULL,NULL,NULL,NULL),(33,'Giacomo.Moretti@example.com','Giacomo Moretti','UX Designer','Design',62000,33,NULL,NULL,NULL,NULL),(34,'Francesca.Romano@example.com','Francesca Romano','Software Engineer','Engineering',69000,34,NULL,NULL,NULL,NULL),(35,'Mario.Rossi@example.com','Mario Rossi','Marketing Specialist','Marketing',60000,35,NULL,NULL,NULL,NULL),(36,'Helena.Russo@example.com','Helena Russo','Financial Analyst','Finance',63000,36,NULL,NULL,NULL,NULL),(37,'Noemi.Rossetti@example.com','Noemi Rossetti','HR Coordinator','Human Resources',59000,37,NULL,NULL,NULL,NULL),(38,'Bianca.Caputo@example.com','Bianca Caputo','Data Scientist','Data Science',65000,38,NULL,NULL,NULL,NULL),(39,'Alessio.Ricci@example.com','Alessio Ricci','Product Manager','Product Management',67000,39,'0.0','0.0',NULL,NULL),(40,'Vanessa.Ferraro@example.com','Vanessa Ferraro','UX Designer','Design',64000,40,NULL,NULL,NULL,NULL),(41,'Luca.Bianchi@example.com','Luca Bianchi','Software Engineer','Engineering',71000,41,NULL,NULL,NULL,NULL),(42,'Marco.De.Angelis@example.com','Marco De Angelis','Marketing Specialist','Marketing',62000,42,NULL,NULL,NULL,NULL),(43,'Arianna.Pellegrini@example.com','Arianna Pellegrini','Financial Analyst','Finance',65000,43,NULL,NULL,NULL,NULL),(44,'Stefano.Esposito@example.com','Stefano Esposito','HR Coordinator','Human Resources',61000,44,NULL,NULL,NULL,NULL),(45,'Umberto.De.Luca@example.com','Umberto De Luca','Data Scientist','Data Science',67000,45,NULL,NULL,NULL,NULL),(46,'Chiara.Leone@example.com','Chiara Leone','Product Manager','Product Management',69000,46,NULL,NULL,NULL,NULL),(47,'Giacomo.Barbieri@example.com','Giacomo Barbieri','UX Designer','Design',66000,47,NULL,NULL,NULL,NULL),(48,'Enrico.Colombo@example.com','Enrico Colombo','Software Engineer','Engineering',72000,48,NULL,NULL,NULL,NULL),(49,'Rosa.Mancini@example.com','Rosa Mancini','Marketing Specialist','Marketing',63000,49,NULL,NULL,NULL,NULL),(50,'Giovanni.Ferrari@example.com','Giovanni Ferrari','Financial Analyst','Finance',66000,50,NULL,NULL,NULL,NULL),(51,'Walter.Vitale@example.com','Walter Vitale','HR Coordinator','Human Resources',62000,51,NULL,NULL,NULL,NULL),(52,'Patrizia.Piazza@example.com','Patrizia Piazza','Data Scientist','Data Science',68000,52,NULL,NULL,NULL,NULL),(53,'Claudio.Rossi@example.com','Claudio Rossi','Product Manager','Product Management',70000,53,NULL,NULL,NULL,NULL),(54,'Alessandra.Rizzo@example.com','Alessandra Rizzo','UX Designer','Design',67000,54,'0.0','0.0',NULL,NULL),(55,'Riccardo.Mancini@example.com','Riccardo Mancini','Software Engineer','Engineering',73000,55,NULL,NULL,NULL,NULL),(56,'Jasmine.Leone@example.com','Jasmine Leone','Marketing Specialist','Marketing',64000,56,NULL,NULL,NULL,NULL),(57,'Oscar.De.Santis@example.com','Oscar De Santis','Financial Analyst','Finance',67000,57,NULL,NULL,NULL,NULL),(58,'Lorenzo.De.Luca@example.com','Lorenzo De Luca','HR Coordinator','Human Resources',63000,58,NULL,NULL,NULL,NULL),(59,'Klaus.Marconi@example.com','Klaus Marconi','Data Scientist','Data Science',69000,59,NULL,NULL,NULL,NULL),(60,'Elena.Costa@example.com','Elena Costa','Product Manager','Product Management',71000,60,NULL,NULL,NULL,NULL),(61,'Serena.Colombo@example.com','Serena Colombo','UX Designer','Design',68000,61,NULL,NULL,NULL,NULL),(62,'Emanuele.De.Angelis@example.com','Emanuele De Angelis','Software Engineer','Engineering',74000,62,NULL,NULL,NULL,NULL),(63,'lily.kumar@company.com','Lily Kumar','Marketing Specialist','Marketing',65000,63,NULL,NULL,NULL,NULL),(64,'oliver.wang@company.com','Oliver Wang','Financial Analyst','Finance',68000,64,NULL,NULL,NULL,NULL),(65,'ava.jones@company.com','Ava Jones','HR Coordinator','Human Resources',64000,65,NULL,NULL,NULL,NULL),(66,'logan.nguyen@company.com','Logan Nguyen','Data Scientist','Data Science',70000,66,NULL,NULL,NULL,NULL),(67,'zoey.martin@company.com','Zoey Martin','Product Manager','Product Management',72000,67,NULL,NULL,NULL,NULL),(68,'liam.white@company.com','Liam White','UX Designer','Design',69000,68,NULL,NULL,NULL,NULL);
/*!40000 ALTER TABLE `employee` ENABLE KEYS */;
UNLOCK TABLES;

--
-- Table structure for table `payment_transaction`
--

DROP TABLE IF EXISTS `payment_transaction`;
/*!40101 SET @saved_cs_client     = @@character_set_client */;
/*!50503 SET character_set_client = utf8mb4 */;
CREATE TABLE `payment_transaction` (
  `id` int NOT NULL AUTO_INCREMENT,
  `employee_id` int NOT NULL,
  `transaction_time` datetime NOT NULL,
  `payment_amount` double NOT NULL,
  `bonus` mediumtext,
  `bonus_reason` varchar(255) DEFAULT NULL,
  `penalty` mediumtext,
  `penalty_reason` varchar(255) DEFAULT NULL,
  `extra_remarks` varchar(255) DEFAULT NULL,
  PRIMARY KEY (`id`),
  KEY `employee_id` (`employee_id`),
  CONSTRAINT `payment_transaction_ibfk_1` FOREIGN KEY (`employee_id`) REFERENCES `employee` (`id`)
) ENGINE=InnoDB AUTO_INCREMENT=2696 DEFAULT CHARSET=utf8mb4 COLLATE=utf8mb4_0900_ai_ci;
/*!40101 SET character_set_client = @saved_cs_client */;

--
-- Dumping data for table `payment_transaction`
--

LOCK TABLES `payment_transaction` WRITE;
/*!40000 ALTER TABLE `payment_transaction` DISABLE KEYS */;
INSERT INTO `payment_transaction` VALUES (1,1,'2021-10-25 00:00:00',5000,NULL,NULL,NULL,NULL,NULL),(2,2,'2022-10-25 00:00:00',4583.333333333333,NULL,NULL,NULL,NULL,NULL),(3,3,'2021-10-25 00:00:00',4833.333333333333,NULL,NULL,NULL,NULL,NULL),(4,4,'2022-07-25 00:00:00',5166.666666666667,NULL,NULL,NULL,NULL,NULL),(5,5,'2023-06-25 00:00:00',4916.666666666667,NULL,NULL,NULL,NULL,NULL),(6,6,'2022-10-25 00:00:00',5250,NULL,NULL,NULL,NULL,NULL),(7,7,'2022-08-25 00:00:00',5000,NULL,NULL,NULL,NULL,NULL),(8,8,'2023-09-25 00:00:00',5416.666666666667,NULL,NULL,NULL,NULL,NULL),(9,9,'2023-11-25 00:00:00',4666.666666666667,NULL,NULL,NULL,NULL,NULL),(10,10,'2021-03-25 00:00:00',4916.666666666667,NULL,NULL,NULL,NULL,NULL),(11,11,'2022-06-25 00:00:00',5083.333333333333,NULL,NULL,NULL,NULL,NULL),(12,12,'2021-11-25 00:00:00',5333.333333333333,NULL,NULL,NULL,NULL,NULL),(13,13,'2021-02-25 00:00:00',5166.666666666667,NULL,NULL,NULL,NULL,NULL),(14,14,'2022-01-25 00:00:00',5583.333333333333,NULL,NULL,NULL,NULL,NULL),(15,15,'2022-12-25 00:00:00',4833.333333333333,NULL,NULL,NULL,NULL,NULL),(16,16,'2021-08-25 00:00:00',5000,NULL,NULL,NULL,NULL,NULL),(17,17,'2021-05-25 00:00:00',4750,NULL,NULL,NULL,NULL,NULL),(18,18,'2021-03-25 00:00:00',5250,NULL,NULL,NULL,NULL,NULL),(19,19,'2021-01-25 00:00:00',5416.666666666667,NULL,NULL,NULL,NULL,NULL),(20,20,'2023-08-25 00:00:00',5083.333333333333,NULL,NULL,NULL,NULL,NULL),(21,21,'2021-12-25 00:00:00',5500,NULL,NULL,NULL,NULL,NULL),(22,22,'2020-12-25 00:00:00',4750,NULL,NULL,NULL,NULL,NULL),(23,23,'2020-12-25 00:00:00',5000,NULL,NULL,NULL,NULL,NULL),(24,24,'2021-01-25 00:00:00',5166.666666666667,NULL,NULL,NULL,NULL,NULL),(25,25,'2021-06-25 00:00:00',5416.666666666667,NULL,NULL,NULL,NULL,NULL),(26,26,'2023-03-25 00:00:00',5250,NULL,NULL,NULL,NULL,NULL),(27,27,'2021-11-25 00:00:00',5666.666666666667,NULL,NULL,NULL,NULL,NULL),(28,28,'2021-11-25 00:00:00',4916.666666666667,NULL,NULL,NULL,NULL,NULL),(29,29,'2022-10-25 00:00:00',5083.333333333333,NULL,NULL,NULL,NULL,NULL),(30,30,'2021-04-25 00:00:00',4833.333333333333,NULL,NULL,NULL,NULL,NULL),(31,31,'2023-05-25 00:00:00',5333.333333333333,NULL,NULL,NULL,NULL,NULL),(32,32,'2023-01-25 00:00:00',5500,NULL,NULL,NULL,NULL,NULL),(33,33,'2020-12-25 00:00:00',5166.666666666667,NULL,NULL,NULL,NULL,NULL),(34,34,'2020-12-25 00:00:00',5750,NULL,NULL,NULL,NULL,NULL),(35,35,'2021-01-25 00:00:00',5000,NULL,NULL,NULL,NULL,NULL),(36,36,'2021-03-25 00:00:00',5250,NULL,NULL,NULL,NULL,NULL),(37,37,'2022-03-25 00:00:00',4916.666666666667,NULL,NULL,NULL,NULL,NULL),(38,38,'2023-07-25 00:00:00',5416.666666666667,NULL,NULL,NULL,NULL,NULL),(39,39,'2021-01-25 00:00:00',5583.333333333333,NULL,NULL,NULL,NULL,NULL),(40,40,'2022-09-25 00:00:00',5333.333333333333,NULL,NULL,NULL,NULL,NULL),(41,41,'2023-04-25 00:00:00',5916.666666666667,NULL,NULL,NULL,NULL,NULL),(42,42,'2021-09-25 00:00:00',5166.666666666667,NULL,NULL,NULL,NULL,NULL),(43,43,'2023-08-25 00:00:00',5416.666666666667,NULL,NULL,NULL,NULL,NULL),(44,44,'2023-02-25 00:00:00',5083.333333333333,NULL,NULL,NULL,NULL,NULL),(45,45,'2023-11-25 00:00:00',5583.333333333333,NULL,NULL,NULL,NULL,NULL),(46,46,'2023-02-25 00:00:00',5750,NULL,NULL,NULL,NULL,NULL),(47,47,'2022-12-25 00:00:00',5500,NULL,NULL,NULL,NULL,NULL),(48,48,'2021-05-25 00:00:00',6000,NULL,NULL,NULL,NULL,NULL),(49,49,'2023-03-25 00:00:00',5250,NULL,NULL,NULL,NULL,NULL),(50,50,'2021-11-25 00:00:00',5500,NULL,NULL,NULL,NULL,NULL),(51,51,'2021-11-25 00:00:00',5166.666666666667,NULL,NULL,NULL,NULL,NULL),(52,52,'2022-11-25 00:00:00',5666.666666666667,NULL,NULL,NULL,NULL,NULL),(53,53,'2021-11-25 00:00:00',5833.333333333333,NULL,NULL,NULL,NULL,NULL),(54,54,'2022-08-25 00:00:00',5583.333333333333,NULL,NULL,NULL,NULL,NULL),(55,55,'2023-11-25 00:00:00',6083.333333333333,NULL,NULL,NULL,NULL,NULL),(56,56,'2021-05-25 00:00:00',5333.333333333333,NULL,NULL,NULL,NULL,NULL),(57,57,'2023-04-25 00:00:00',5583.333333333333,NULL,NULL,NULL,NULL,NULL),(58,58,'2022-08-25 00:00:00',5250,NULL,NULL,NULL,NULL,NULL),(59,59,'2022-02-25 00:00:00',5750,NULL,NULL,NULL,NULL,NULL),(60,60,'2021-10-25 00:00:00',5916.666666666667,NULL,NULL,NULL,NULL,NULL),(61,61,'2021-07-25 00:00:00',5666.666666666667,NULL,NULL,NULL,NULL,NULL),(62,62,'2021-09-25 00:00:00',6166.666666666667,NULL,NULL,NULL,NULL,NULL),(63,63,'2022-10-25 00:00:00',5416.666666666667,NULL,NULL,NULL,NULL,NULL),(64,64,'2022-02-25 00:00:00',5666.666666666667,NULL,NULL,NULL,NULL,NULL),(65,65,'2021-04-25 00:00:00',5333.333333333333,NULL,NULL,NULL,NULL,NULL),(66,66,'2022-03-25 00:00:00',5833.333333333333,NULL,NULL,NULL,NULL,NULL),(67,67,'2023-03-25 00:00:00',6000,NULL,NULL,NULL,NULL,NULL),(68,68,'2022-07-25 00:00:00',5750,NULL,NULL,NULL,NULL,NULL),(2613,1,'2023-11-14 00:00:00',60000,NULL,NULL,NULL,NULL,NULL),(2614,2,'2023-11-14 00:00:00',55000,NULL,NULL,NULL,NULL,NULL),(2615,3,'2023-11-14 00:00:00',58000,NULL,NULL,NULL,NULL,NULL),(2616,4,'2023-11-14 00:00:00',62000,NULL,NULL,NULL,NULL,NULL),(2617,5,'2023-11-14 00:00:00',59000,NULL,NULL,NULL,NULL,NULL),(2618,6,'2023-11-14 00:00:00',63000,NULL,NULL,NULL,NULL,NULL),(2619,7,'2023-11-14 00:00:00',60000,NULL,NULL,NULL,NULL,NULL),(2620,8,'2023-11-14 00:00:00',65000,NULL,NULL,NULL,NULL,NULL),(2621,9,'2023-11-14 00:00:00',56000,NULL,NULL,NULL,NULL,NULL),(2622,10,'2023-11-14 00:00:00',59000,NULL,NULL,NULL,NULL,NULL),(2623,11,'2023-11-14 00:00:00',61000,NULL,NULL,NULL,NULL,NULL),(2624,12,'2023-11-14 00:00:00',64000,NULL,NULL,NULL,NULL,NULL),(2625,13,'2023-11-14 00:00:00',62000,NULL,NULL,NULL,NULL,NULL),(2626,14,'2023-11-14 00:00:00',67000,NULL,NULL,NULL,NULL,NULL),(2627,15,'2023-11-14 00:00:00',58000,NULL,NULL,NULL,NULL,NULL),(2628,16,'2023-11-14 00:00:00',60000,NULL,NULL,NULL,NULL,NULL),(2629,17,'2023-11-14 00:00:00',57000,NULL,NULL,NULL,NULL,NULL),(2630,18,'2023-11-14 00:00:00',63000,NULL,NULL,NULL,NULL,NULL),(2631,19,'2023-11-14 00:00:00',65000,NULL,NULL,NULL,NULL,NULL),(2632,20,'2023-11-14 00:00:00',61000,NULL,NULL,NULL,NULL,NULL),(2633,21,'2023-11-14 00:00:00',66000,NULL,NULL,NULL,NULL,NULL),(2634,22,'2023-11-14 00:00:00',57000,NULL,NULL,NULL,NULL,NULL),(2635,23,'2023-11-14 00:00:00',60000,NULL,NULL,NULL,NULL,NULL),(2636,24,'2023-11-14 00:00:00',62000,NULL,NULL,NULL,NULL,NULL),(2637,25,'2023-11-14 00:00:00',65000,NULL,NULL,NULL,NULL,NULL),(2638,26,'2023-11-14 00:00:00',63000,NULL,NULL,NULL,NULL,NULL),(2639,27,'2023-11-14 00:00:00',68000,NULL,NULL,NULL,NULL,NULL),(2640,28,'2023-11-14 00:00:00',59000,NULL,NULL,NULL,NULL,NULL),(2641,29,'2023-11-14 00:00:00',61000,NULL,NULL,NULL,NULL,NULL),(2642,30,'2023-11-14 00:00:00',58000,NULL,NULL,NULL,NULL,NULL),(2643,31,'2023-11-14 00:00:00',64000,NULL,NULL,NULL,NULL,NULL),(2644,32,'2023-11-14 00:00:00',66000,NULL,NULL,NULL,NULL,NULL),(2645,33,'2023-11-14 00:00:00',62000,NULL,NULL,NULL,NULL,NULL),(2646,34,'2023-11-14 00:00:00',69000,NULL,NULL,NULL,NULL,NULL),(2647,35,'2023-11-14 00:00:00',60000,NULL,NULL,NULL,NULL,NULL),(2648,36,'2023-11-14 00:00:00',63000,NULL,NULL,NULL,NULL,NULL),(2649,37,'2023-11-14 00:00:00',59000,NULL,NULL,NULL,NULL,NULL),(2650,38,'2023-11-14 00:00:00',65000,NULL,NULL,NULL,NULL,NULL),(2651,39,'2023-11-14 00:00:00',67000,NULL,NULL,NULL,NULL,NULL),(2652,40,'2023-11-14 00:00:00',64000,NULL,NULL,NULL,NULL,NULL),(2653,41,'2023-11-14 00:00:00',71000,NULL,NULL,NULL,NULL,NULL),(2654,42,'2023-11-14 00:00:00',62000,NULL,NULL,NULL,NULL,NULL),(2655,43,'2023-11-14 00:00:00',65000,NULL,NULL,NULL,NULL,NULL),(2656,44,'2023-11-14 00:00:00',61000,NULL,NULL,NULL,NULL,NULL),(2657,45,'2023-11-14 00:00:00',67000,NULL,NULL,NULL,NULL,NULL),(2658,46,'2023-11-14 00:00:00',69000,NULL,NULL,NULL,NULL,NULL),(2659,47,'2023-11-14 00:00:00',66000,NULL,NULL,NULL,NULL,NULL),(2660,48,'2023-11-14 00:00:00',72000,NULL,NULL,NULL,NULL,NULL),(2661,49,'2023-11-14 00:00:00',63000,NULL,NULL,NULL,NULL,NULL),(2662,50,'2023-11-14 00:00:00',66000,NULL,NULL,NULL,NULL,NULL),(2663,51,'2023-11-14 00:00:00',62000,NULL,NULL,NULL,NULL,NULL),(2664,52,'2023-11-14 00:00:00',68000,NULL,NULL,NULL,NULL,NULL),(2665,53,'2023-11-14 00:00:00',70000,NULL,NULL,NULL,NULL,NULL),(2666,54,'2023-11-14 00:00:00',67000,NULL,NULL,NULL,NULL,NULL),(2667,55,'2023-11-14 00:00:00',73000,NULL,NULL,NULL,NULL,NULL),(2668,56,'2023-11-14 00:00:00',64000,NULL,NULL,NULL,NULL,NULL),(2669,57,'2023-11-14 00:00:00',67000,NULL,NULL,NULL,NULL,NULL),(2670,58,'2023-11-14 00:00:00',63000,NULL,NULL,NULL,NULL,NULL),(2671,59,'2023-11-14 00:00:00',69000,NULL,NULL,NULL,NULL,NULL),(2672,60,'2023-11-14 00:00:00',71000,NULL,NULL,NULL,NULL,NULL),(2673,61,'2023-11-14 00:00:00',68000,NULL,NULL,NULL,NULL,NULL),(2674,62,'2023-11-14 00:00:00',74000,NULL,NULL,NULL,NULL,NULL),(2675,63,'2023-11-14 00:00:00',65000,NULL,NULL,NULL,NULL,NULL),(2676,64,'2023-11-14 00:00:00',68000,NULL,NULL,NULL,NULL,NULL),(2677,65,'2023-11-14 00:00:00',64000,NULL,NULL,NULL,NULL,NULL),(2678,66,'2023-11-14 00:00:00',70000,NULL,NULL,NULL,NULL,NULL),(2679,67,'2023-11-14 00:00:00',72000,NULL,NULL,NULL,NULL,NULL),(2680,68,'2023-11-14 00:00:00',69000,NULL,NULL,NULL,NULL,NULL),(2682,1,'2023-11-15 00:00:00',60000,NULL,NULL,NULL,NULL,NULL),(2683,34,'2023-11-15 00:00:00',69000,NULL,NULL,NULL,NULL,NULL),(2685,34,'2023-11-19 00:00:00',69000,NULL,NULL,NULL,NULL,NULL),(2686,47,'2023-11-20 00:00:00',66000,NULL,NULL,NULL,NULL,NULL),(2687,21,'2023-11-20 00:00:00',66000,NULL,NULL,NULL,NULL,NULL);
/*!40000 ALTER TABLE `payment_transaction` ENABLE KEYS */;
UNLOCK TABLES;

--
-- Dumping routines for database 'pg_employee'
--
/*!40103 SET TIME_ZONE=@OLD_TIME_ZONE */;

/*!40101 SET SQL_MODE=@OLD_SQL_MODE */;
/*!40014 SET FOREIGN_KEY_CHECKS=@OLD_FOREIGN_KEY_CHECKS */;
/*!40014 SET UNIQUE_CHECKS=@OLD_UNIQUE_CHECKS */;
/*!40101 SET CHARACTER_SET_CLIENT=@OLD_CHARACTER_SET_CLIENT */;
/*!40101 SET CHARACTER_SET_RESULTS=@OLD_CHARACTER_SET_RESULTS */;
/*!40101 SET COLLATION_CONNECTION=@OLD_COLLATION_CONNECTION */;
/*!40111 SET SQL_NOTES=@OLD_SQL_NOTES */;

-- Dump completed on 2023-12-19 23:15:52
